id,name,brand,category,pack_value,pack_unit,mrp,suggested_sell_price,image_search_query,tags
staples-aashirvaad-atta-5kg,Aashirvaad Whole Wheat Atta,Aashirvaad,atta_rice_dal,5,kg,275,275,aashirvaad whole wheat atta 5kg pack,bestseller
staples-aashirvaad-atta-10kg,Aashirvaad Whole Wheat Atta,Aashirvaad,atta_rice_dal,10,kg,540,540,aashirvaad whole wheat atta 10kg pack,
staples-aashirvaad-atta-1kg,Aashirvaad Whole Wheat Atta,Aashirvaad,atta_rice_dal,1,kg,60,60,aashirvaad whole wheat atta 1kg pack,
staples-aashirvaad-multigrain-5kg,Aashirvaad Multigrain Atta,Aashirvaad,atta_rice_dal,5,kg,360,360,aashirvaad multigrain atta 5kg pack,
staples-aashirvaad-select-5kg,Aashirvaad Select Atta,Aashirvaad,atta_rice_dal,5,kg,330,330,aashirvaad select sharbati atta 5kg pack,
staples-pillsbury-atta-5kg,Pillsbury Chakki Fresh Atta,Pillsbury,atta_rice_dal,5,kg,265,265,pillsbury chakki fresh atta 5kg pack,
staples-pillsbury-atta-10kg,Pillsbury Chakki Fresh Atta,Pillsbury,atta_rice_dal,10,kg,520,520,pillsbury chakki fresh atta 10kg pack,
staples-fortune-atta-5kg,Fortune Chakki Fresh Atta,Fortune,atta_rice_dal,5,kg,260,260,fortune chakki fresh atta 5kg pack,
staples-fortune-atta-10kg,Fortune Chakki Fresh Atta,Fortune,atta_rice_dal,10,kg,510,510,fortune chakki fresh atta 10kg pack,
staples-patanjali-atta-5kg,Patanjali Whole Wheat Atta,Patanjali,atta_rice_dal,5,kg,225,225,patanjali whole wheat atta 5kg pack,
staples-annapurna-atta-5kg,Annapurna Whole Wheat Atta,Annapurna,atta_rice_dal,5,kg,260,260,annapurna whole wheat atta 5kg pack,
staples-india-gate-basmati-1kg,India Gate Classic Basmati Rice,India Gate,atta_rice_dal,1,kg,180,180,india gate classic basmati rice 1kg pack,
staples-india-gate-basmati-5kg,India Gate Classic Basmati Rice,India Gate,atta_rice_dal,5,kg,850,850,india gate classic basmati rice 5kg pack,bestseller
staples-india-gate-feast-1kg,India Gate Feast Rozzana Basmati,India Gate,atta_rice_dal,1,kg,140,140,india gate feast rozzana basmati 1kg pack,
staples-daawat-basmati-1kg,Daawat Traditional Basmati Rice,Daawat,atta_rice_dal,1,kg,175,175,daawat traditional basmati rice 1kg pack,
staples-daawat-basmati-5kg,Daawat Traditional Basmati Rice,Daawat,atta_rice_dal,5,kg,830,830,daawat traditional basmati rice 5kg pack,
staples-daawat-rozana-1kg,Daawat Rozana Super Basmati,Daawat,atta_rice_dal,1,kg,135,135,daawat rozana super basmati 1kg pack,
staples-kohinoor-basmati-1kg,Kohinoor Authentic Basmati Rice,Kohinoor,atta_rice_dal,1,kg,170,170,kohinoor authentic basmati rice 1kg pack,
staples-kohinoor-basmati-5kg,Kohinoor Authentic Basmati Rice,Kohinoor,atta_rice_dal,5,kg,820,820,kohinoor authentic basmati rice 5kg pack,
staples-fortune-sona-masoori-5kg,Fortune Special Sona Masoori Rice,Fortune,atta_rice_dal,5,kg,440,440,fortune special sona masoori rice 5kg pack,
staples-fortune-everyday-basmati-1kg,Fortune Everyday Basmati Rice,Fortune,atta_rice_dal,1,kg,135,135,fortune everyday basmati rice 1kg pack,
staples-tilda-basmati-1kg,Tilda Pure Basmati Rice,Tilda,atta_rice_dal,1,kg,225,225,tilda pure basmati rice 1kg pack,
staples-tata-sampann-toor-dal-1kg,Tata Sampann Unpolished Toor Dal,Tata Sampann,atta_rice_dal,1,kg,180,180,tata sampann unpolished toor dal 1kg pack,bestseller
staples-tata-sampann-moong-dal-1kg,Tata Sampann Unpolished Moong Dal,Tata Sampann,atta_rice_dal,1,kg,160,160,tata sampann unpolished moong dal 1kg pack,
staples-tata-sampann-chana-dal-1kg,Tata Sampann Unpolished Chana Dal,Tata Sampann,atta_rice_dal,1,kg,110,110,tata sampann unpolished chana dal 1kg pack,
staples-tata-sampann-urad-dal-1kg,Tata Sampann Unpolished Urad Dal,Tata Sampann,atta_rice_dal,1,kg,170,170,tata sampann unpolished urad dal 1kg pack,
staples-tata-sampann-masoor-dal-1kg,Tata Sampann Unpolished Masoor Dal,Tata Sampann,atta_rice_dal,1,kg,120,120,tata sampann unpolished masoor dal 1kg pack,
staples-tata-sampann-rajma-1kg,Tata Sampann Rajma Chitra,Tata Sampann,atta_rice_dal,1,kg,180,180,tata sampann rajma chitra 1kg pack,
staples-tata-sampann-kabuli-chana-1kg,Tata Sampann Kabuli Chana,Tata Sampann,atta_rice_dal,1,kg,140,140,tata sampann kabuli chana 1kg pack,
staples-tata-sampann-chana-besan-500g,Tata Sampann Besan,Tata Sampann,atta_rice_dal,500,g,75,75,tata sampann besan 500g pack,
staples-patanjali-toor-dal-1kg,Patanjali Arhar Toor Dal,Patanjali,atta_rice_dal,1,kg,165,165,patanjali arhar toor dal 1kg pack,
staples-patanjali-moong-dal-1kg,Patanjali Moong Dal,Patanjali,atta_rice_dal,1,kg,150,150,patanjali moong dal 1kg pack,
staples-patanjali-chana-dal-1kg,Patanjali Chana Dal,Patanjali,atta_rice_dal,1,kg,100,100,patanjali chana dal 1kg pack,
staples-fortune-arhar-dal-1kg,Fortune Arhar Dal,Fortune,atta_rice_dal,1,kg,170,170,fortune arhar dal 1kg pack,
staples-fortune-moong-dal-1kg,Fortune Moong Dal,Fortune,atta_rice_dal,1,kg,155,155,fortune moong dal 1kg pack,
staples-24mantra-toor-dal-1kg,24 Mantra Organic Toor Dal,24 Mantra,atta_rice_dal,1,kg,260,260,24 mantra organic toor dal 1kg pack,
staples-24mantra-moong-dal-1kg,24 Mantra Organic Moong Dal,24 Mantra,atta_rice_dal,1,kg,240,240,24 mantra organic moong dal 1kg pack,
staples-rajdhani-besan-1kg,Rajdhani Besan,Rajdhani,atta_rice_dal,1,kg,135,135,rajdhani besan 1kg pack,
staples-rajdhani-toor-dal-1kg,Rajdhani Toor Dal,Rajdhani,atta_rice_dal,1,kg,170,170,rajdhani toor dal 1kg pack,
staples-aashirvaad-besan-500g,Aashirvaad Besan,Aashirvaad,atta_rice_dal,500,g,70,70,aashirvaad besan 500g pack,
staples-aashirvaad-besan-1kg,Aashirvaad Besan,Aashirvaad,atta_rice_dal,1,kg,135,135,aashirvaad besan 1kg pack,
staples-aashirvaad-sooji-500g,Aashirvaad Sooji Rava,Aashirvaad,atta_rice_dal,500,g,45,45,aashirvaad sooji rava 500g pack,
staples-aashirvaad-maida-500g,Aashirvaad Maida,Aashirvaad,atta_rice_dal,500,g,40,40,aashirvaad maida 500g pack,
staples-mtr-rava-idli-mix-500g,MTR Rava Idli Instant Mix,MTR,atta_rice_dal,500,g,165,165,mtr rava idli instant mix 500g pack,
staples-mtr-dosa-mix-500g,MTR Dosa Mix,MTR,atta_rice_dal,500,g,165,165,mtr dosa mix 500g pack,
staples-gits-gulab-jamun-mix-200g,Gits Gulab Jamun Mix,Gits,atta_rice_dal,200,g,75,75,gits gulab jamun mix 200g pack,
staples-quaker-oats-1kg,Quaker Oats,Quaker,atta_rice_dal,1,kg,235,235,quaker oats 1kg pack,
staples-quaker-oats-500g,Quaker Oats,Quaker,atta_rice_dal,500,g,135,135,quaker oats 500g pack,
staples-bagrrys-cornflakes-475g,Bagrrys Crunchy Cornflakes,Bagrrys,atta_rice_dal,475,g,255,255,bagrrys crunchy cornflakes 475g pack,
staples-kelloggs-cornflakes-475g,Kelloggs Cornflakes Original,Kelloggs,atta_rice_dal,475,g,255,255,kelloggs cornflakes original 475g pack,
staples-kelloggs-chocos-375g,Kelloggs Chocos,Kelloggs,atta_rice_dal,375,g,235,235,kelloggs chocos 375g pack,
staples-saffola-masala-oats-500g,Saffola Masala Oats Classic,Saffola,atta_rice_dal,500,g,180,180,saffola masala oats classic 500g pack,
staples-saffola-honey-oats-400g,Saffola Honey Oats,Saffola,atta_rice_dal,400,g,210,210,saffola honey oats 400g pack,
staples-yu-poha-500g,Yu Foodlabs Poha,Yu,atta_rice_dal,500,g,55,55,poha thick 500g pack,
staples-generic-poha-500g,Poha (Flattened Rice),Generic,atta_rice_dal,500,g,45,45,poha flattened rice 500g pack,
staples-generic-sabudana-500g,Sabudana,Generic,atta_rice_dal,500,g,85,85,sabudana sago 500g pack,
staples-generic-vermicelli-200g,Vermicelli (Sevai),Bambino,atta_rice_dal,200,g,30,30,bambino vermicelli 200g pack,
staples-mtr-vermicelli-440g,MTR Roasted Vermicelli,MTR,atta_rice_dal,440,g,80,80,mtr roasted vermicelli 440g pack,
staples-generic-sugar-1kg,Sugar,Generic,atta_rice_dal,1,kg,48,48,white sugar 1kg pack,bestseller
staples-madhur-sugar-1kg,Madhur Sugar,Madhur,atta_rice_dal,1,kg,52,52,madhur pure sugar 1kg pack,
staples-generic-jaggery-500g,Jaggery Block,Generic,atta_rice_dal,500,g,75,75,jaggery gur block 500g,
staples-generic-jaggery-powder-500g,Jaggery Powder,Generic,atta_rice_dal,500,g,85,85,jaggery powder organic 500g pack,
staples-patanjali-honey-500g,Patanjali Pure Honey,Patanjali,atta_rice_dal,500,g,235,235,patanjali pure honey 500g pack,
staples-dabur-honey-500g,Dabur Honey,Dabur,atta_rice_dal,500,g,275,275,dabur honey 500g pack,
staples-dabur-honey-250g,Dabur Honey,Dabur,atta_rice_dal,250,g,150,150,dabur honey 250g pack,
staples-aashirvaad-iodized-salt-1kg,Aashirvaad Iodized Salt,Aashirvaad,atta_rice_dal,1,kg,28,28,aashirvaad iodized salt 1kg pack,
staples-aashirvaad-rock-salt-500g,Aashirvaad Sendha Salt,Aashirvaad,atta_rice_dal,500,g,55,55,aashirvaad sendha rock salt 500g pack,
oil-fortune-sunflower-1l,Fortune Sun Lite Sunflower Oil,Fortune,oil_ghee,1,litre,165,165,fortune sun lite sunflower oil 1 litre pouch,bestseller
oil-fortune-sunflower-5l,Fortune Sun Lite Sunflower Oil,Fortune,oil_ghee,5,litre,815,815,fortune sun lite sunflower oil 5 litre jar,
oil-fortune-soya-1l,Fortune Soya Health Refined Oil,Fortune,oil_ghee,1,litre,150,150,fortune soya health refined oil 1 litre pouch,
oil-fortune-mustard-1l,Fortune Premium Kachi Ghani Mustard Oil,Fortune,oil_ghee,1,litre,180,180,fortune premium kachi ghani mustard oil 1 litre,
oil-fortune-rice-bran-1l,Fortune Rice Bran Health Oil,Fortune,oil_ghee,1,litre,180,180,fortune rice bran health oil 1 litre pouch,
oil-saffola-gold-1l,Saffola Gold Edible Oil,Saffola,oil_ghee,1,litre,225,225,saffola gold edible oil 1 litre,
oil-saffola-tasty-1l,Saffola Tasty Edible Oil,Saffola,oil_ghee,1,litre,200,200,saffola tasty edible oil 1 litre,
oil-saffola-active-1l,Saffola Active Edible Oil,Saffola,oil_ghee,1,litre,195,195,saffola active edible oil 1 litre,
oil-sundrop-1l,Sundrop Heart Sunflower Oil,Sundrop,oil_ghee,1,litre,170,170,sundrop heart sunflower oil 1 litre pouch,
oil-sundrop-superlite-1l,Sundrop SuperLite Advanced,Sundrop,oil_ghee,1,litre,175,175,sundrop superlite advanced 1 litre,
oil-dhara-mustard-1l,Dhara Kachi Ghani Mustard Oil,Dhara,oil_ghee,1,litre,170,170,dhara kachi ghani mustard oil 1 litre,
oil-dhara-refined-1l,Dhara Refined Sunflower Oil,Dhara,oil_ghee,1,litre,160,160,dhara refined sunflower oil 1 litre,
oil-engine-mustard-1l,Engine Brand Mustard Oil,Engine,oil_ghee,1,litre,170,170,engine kachi ghani mustard oil 1 litre,
oil-engine-mustard-500ml,Engine Brand Mustard Oil,Engine,oil_ghee,500,ml,90,90,engine kachi ghani mustard oil 500ml,
oil-patanjali-mustard-1l,Patanjali Kachi Ghani Mustard Oil,Patanjali,oil_ghee,1,litre,165,165,patanjali kachi ghani mustard oil 1 litre,
oil-patanjali-sunflower-1l,Patanjali Sunflower Oil,Patanjali,oil_ghee,1,litre,155,155,patanjali refined sunflower oil 1 litre,
oil-patanjali-groundnut-1l,Patanjali Groundnut Oil,Patanjali,oil_ghee,1,litre,210,210,patanjali groundnut oil 1 litre,
oil-figaro-olive-500ml,Figaro Olive Oil,Figaro,oil_ghee,500,ml,575,575,figaro olive oil 500ml glass bottle,
oil-borges-olive-500ml,Borges Extra Virgin Olive Oil,Borges,oil_ghee,500,ml,650,650,borges extra virgin olive oil 500ml,
oil-leonardo-olive-500ml,Leonardo Extra Virgin Olive Oil,Leonardo,oil_ghee,500,ml,580,580,leonardo extra virgin olive oil 500ml,
oil-amul-ghee-1l,Amul Pure Ghee,Amul,oil_ghee,1,litre,650,650,amul pure ghee 1 litre tin,bestseller
oil-amul-ghee-500ml,Amul Pure Ghee,Amul,oil_ghee,500,ml,335,335,amul pure ghee 500ml jar,
oil-amul-ghee-200ml,Amul Pure Ghee,Amul,oil_ghee,200,ml,140,140,amul pure ghee 200ml pouch,
oil-mother-dairy-ghee-1l,Mother Dairy Pure Cow Ghee,Mother Dairy,oil_ghee,1,litre,660,660,mother dairy pure cow ghee 1 litre,
oil-mother-dairy-ghee-500ml,Mother Dairy Pure Cow Ghee,Mother Dairy,oil_ghee,500,ml,340,340,mother dairy pure cow ghee 500ml jar,
oil-patanjali-ghee-1l,Patanjali Cow Ghee,Patanjali,oil_ghee,1,litre,625,625,patanjali cow ghee 1 litre tin,
oil-patanjali-ghee-500ml,Patanjali Cow Ghee,Patanjali,oil_ghee,500,ml,330,330,patanjali cow ghee 500ml jar,
oil-dabur-ghee-1l,Dabur Cow Ghee,Dabur,oil_ghee,1,litre,640,640,dabur cow ghee 1 litre tin,
oil-gowardhan-ghee-1l,Gowardhan Pure Ghee,Gowardhan,oil_ghee,1,litre,615,615,gowardhan pure ghee 1 litre,
oil-nestle-everyday-ghee-1l,Nestle Everyday Shahi Ghee,Nestle,oil_ghee,1,litre,635,635,nestle everyday shahi ghee 1 litre,
dairy-amul-taaza-1l,Amul Taaza Toned Milk,Amul,dairy_eggs,1,litre,68,68,amul taaza toned milk 1 litre carton,bestseller
dairy-amul-taaza-500ml,Amul Taaza Toned Milk,Amul,dairy_eggs,500,ml,34,34,amul taaza toned milk 500ml pouch,
dairy-amul-gold-1l,Amul Gold Full Cream Milk,Amul,dairy_eggs,1,litre,72,72,amul gold full cream milk 1 litre carton,
dairy-amul-gold-500ml,Amul Gold Full Cream Milk,Amul,dairy_eggs,500,ml,36,36,amul gold full cream milk 500ml pouch,
dairy-amul-cow-milk-1l,Amul Cow Fresh Milk,Amul,dairy_eggs,1,litre,62,62,amul cow fresh milk 1 litre,
dairy-amul-buffalo-milk-1l,Amul Buffalo Fresh Milk,Amul,dairy_eggs,1,litre,80,80,amul buffalo fresh milk 1 litre,
dairy-mother-dairy-toned-1l,Mother Dairy Toned Milk,Mother Dairy,dairy_eggs,1,litre,66,66,mother dairy toned milk 1 litre,
dairy-mother-dairy-full-1l,Mother Dairy Full Cream Milk,Mother Dairy,dairy_eggs,1,litre,72,72,mother dairy full cream milk 1 litre,
dairy-mother-dairy-cow-1l,Mother Dairy Cow Milk,Mother Dairy,dairy_eggs,1,litre,60,60,mother dairy cow milk 1 litre,
dairy-nestle-a-plus-1l,Nestle A+ Toned Milk,Nestle,dairy_eggs,1,litre,75,75,nestle a plus toned milk 1 litre tetra pack,
dairy-amul-butter-100g,Amul Butter,Amul,dairy_eggs,100,g,58,58,amul pasteurised salted butter 100g pack,bestseller
dairy-amul-butter-500g,Amul Butter,Amul,dairy_eggs,500,g,280,280,amul pasteurised salted butter 500g pack,
dairy-amul-butter-200g,Amul Butter,Amul,dairy_eggs,200,g,115,115,amul pasteurised salted butter 200g pack,
dairy-mother-dairy-butter-100g,Mother Dairy White Butter,Mother Dairy,dairy_eggs,100,g,58,58,mother dairy white butter 100g pack,
dairy-amul-cheese-slices-200g,Amul Cheese Slices (10 slices),Amul,dairy_eggs,200,g,170,170,amul cheese slices 200g pack 10 slices,
dairy-amul-cheese-cubes-200g,Amul Cheese Cubes,Amul,dairy_eggs,200,g,175,175,amul processed cheese cubes 200g pack,
dairy-amul-cheese-block-200g,Amul Cheese Block,Amul,dairy_eggs,200,g,175,175,amul cheese block 200g pack,
dairy-britannia-cheese-slices-200g,Britannia Cheese Slices,Britannia,dairy_eggs,200,g,165,165,britannia cheese slices 200g 10 slices,
dairy-amul-paneer-200g,Amul Malai Paneer,Amul,dairy_eggs,200,g,95,95,amul malai paneer 200g pack,
dairy-amul-paneer-500g,Amul Malai Paneer,Amul,dairy_eggs,500,g,220,220,amul malai paneer 500g pack,
dairy-mother-dairy-paneer-200g,Mother Dairy Paneer,Mother Dairy,dairy_eggs,200,g,95,95,mother dairy paneer 200g pack,
dairy-mother-dairy-paneer-500g,Mother Dairy Paneer,Mother Dairy,dairy_eggs,500,g,220,220,mother dairy paneer 500g pack,
dairy-amul-dahi-400g,Amul Masti Dahi,Amul,dairy_eggs,400,g,45,45,amul masti dahi 400g cup,
dairy-amul-dahi-1kg,Amul Masti Dahi,Amul,dairy_eggs,1,kg,90,90,amul masti dahi 1kg pack,
dairy-mother-dairy-dahi-400g,Mother Dairy Dahi,Mother Dairy,dairy_eggs,400,g,45,45,mother dairy classic dahi 400g cup,
dairy-mother-dairy-dahi-1kg,Mother Dairy Dahi,Mother Dairy,dairy_eggs,1,kg,90,90,mother dairy classic dahi 1kg pack,
dairy-nestle-a-plus-dahi-400g,Nestle a+ Dahi,Nestle,dairy_eggs,400,g,55,55,nestle a plus dahi 400g cup,
dairy-amul-buttermilk-500ml,Amul Masti Spiced Buttermilk,Amul,dairy_eggs,500,ml,20,20,amul masti spiced buttermilk 500ml,
dairy-mother-dairy-buttermilk-500ml,Mother Dairy Buttermilk,Mother Dairy,dairy_eggs,500,ml,20,20,mother dairy buttermilk 500ml,
dairy-amul-lassi-200ml,Amul Lassi Sweet,Amul,dairy_eggs,200,ml,25,25,amul kool lassi sweet 200ml tetra,
dairy-mother-dairy-lassi-180ml,Mother Dairy Lassi,Mother Dairy,dairy_eggs,180,ml,25,25,mother dairy lassi 180ml tetra,
dairy-amul-shrikhand-500g,Amul Shrikhand,Amul,dairy_eggs,500,g,180,180,amul mishti doi shrikhand 500g,
dairy-amul-icecream-1l,Amul Vanilla Ice Cream,Amul,dairy_eggs,1,litre,225,225,amul vanilla ice cream 1 litre tub,
dairy-kwality-icecream-1l,Kwality Walls Vanilla,Kwality Walls,dairy_eggs,1,litre,255,255,kwality walls vanilla ice cream 1 litre tub,
dairy-generic-eggs-6,Farm Fresh Eggs,Generic,dairy_eggs,6,piece,48,48,farm fresh white eggs 6 piece tray,
dairy-generic-eggs-12,Farm Fresh Eggs,Generic,dairy_eggs,12,piece,90,90,farm fresh white eggs 12 piece tray,
dairy-generic-eggs-30,Farm Fresh Eggs Tray,Generic,dairy_eggs,30,piece,210,210,farm fresh white eggs 30 piece tray,
dairy-keggs-brown-6,Keggs Cage Free Brown Eggs,Keggs,dairy_eggs,6,piece,95,95,keggs cage free brown eggs 6 piece,
dairy-amul-milk-powder-500g,Amul Spray Infant Milk Powder,Amul,dairy_eggs,500,g,295,295,amul spray infant milk food 500g pack,
dairy-nestle-everyday-400g,Nestle Everyday Dairy Whitener,Nestle,dairy_eggs,400,g,260,260,nestle everyday dairy whitener 400g pack,
dairy-mother-dairy-fruity-curd-100g,Mother Dairy Mishti Doi,Mother Dairy,dairy_eggs,100,g,30,30,mother dairy mishti doi 100g cup,
dairy-britannia-cream-roll-1kg,Britannia Fresh Cream,Britannia,dairy_eggs,200,ml,75,75,britannia fresh dairy cream 200ml tetra,
dairy-amul-fresh-cream-250ml,Amul Fresh Cream,Amul,dairy_eggs,250,ml,80,80,amul fresh dairy cream 250ml tetra pack,
dairy-amul-flavored-milk-200ml,Amul Kool Chocolate Milk,Amul,dairy_eggs,200,ml,30,30,amul kool chocolate milk 200ml tetra,
dairy-amul-tru-rose-200ml,Amul Tru Rose Drink,Amul,dairy_eggs,200,ml,15,15,amul tru rose drink 200ml,
bakery-britannia-bread-400g,Britannia Whole Wheat Bread,Britannia,bakery,400,g,50,50,britannia whole wheat bread 400g loaf,bestseller
bakery-britannia-brown-bread-400g,Britannia Brown Bread,Britannia,bakery,400,g,50,50,britannia brown bread 400g loaf,
bakery-britannia-white-bread-400g,Britannia White Sandwich Bread,Britannia,bakery,400,g,45,45,britannia white sandwich bread 400g loaf,
bakery-britannia-multigrain-bread-450g,Britannia Multigrain Bread,Britannia,bakery,450,g,65,65,britannia multigrain bread 450g loaf,
bakery-modern-bread-400g,Modern Sandwich Bread,Modern,bakery,400,g,45,45,modern sandwich bread 400g loaf,
bakery-modern-brown-bread-400g,Modern 100% Atta Brown Bread,Modern,bakery,400,g,50,50,modern atta brown bread 400g loaf,
bakery-harvest-bread-400g,Harvest Gold Sandwich Bread,Harvest Gold,bakery,400,g,45,45,harvest gold sandwich bread 400g loaf,
bakery-harvest-multigrain-450g,Harvest Gold 100% Multigrain Bread,Harvest Gold,bakery,450,g,65,65,harvest gold multigrain bread 450g,
bakery-english-oven-bread-400g,English Oven White Bread,English Oven,bakery,400,g,55,55,english oven white sandwich bread 400g,
bakery-english-oven-pizza-base-200g,English Oven Pizza Base,English Oven,bakery,200,g,60,60,english oven pizza base 200g pack,
bakery-britannia-pizza-base-200g,Britannia Pizza Base,Britannia,bakery,200,g,65,65,britannia pizza base 200g pack of 2,
bakery-britannia-buns-200g,Britannia Pav Buns,Britannia,bakery,200,g,40,40,britannia pav buns 200g pack of 6,
bakery-britannia-burger-buns-200g,Britannia Burger Buns,Britannia,bakery,200,g,55,55,britannia burger buns 200g pack of 4,
bakery-britannia-rusk-200g,Britannia Premium Rusk,Britannia,bakery,200,g,65,65,britannia premium toasted rusk 200g pack,
bakery-britannia-rusk-300g,Britannia Premium Rusk,Britannia,bakery,300,g,90,90,britannia premium toasted rusk 300g pack,
bakery-parle-rusk-200g,Parle Rusk,Parle,bakery,200,g,55,55,parle rusk premium 200g pack,
bakery-monginis-cake-100g,Monginis Plain Cake Slice,Monginis,bakery,100,g,35,35,monginis plain cake slice 100g pack,
bakery-britannia-fruit-cake-100g,Britannia Fruit Cake,Britannia,bakery,100,g,30,30,britannia plum fruit cake 100g pack,
bakery-britannia-fruit-cake-250g,Britannia Fruit Cake,Britannia,bakery,250,g,80,80,britannia plum fruit cake 250g pack,
bakery-britannia-cup-cake-90g,Britannia Cake Cup Cake,Britannia,bakery,90,g,25,25,britannia cup cake chocolate 90g pack of 6,
bakery-winkies-swiss-roll-100g,Winkies Swiss Roll,Winkies,bakery,100,g,30,30,winkies swiss roll vanilla 100g pack,
bakery-mrs-bectors-puffs-200g,Mrs Bectors Cream Roll,Mrs Bectors,bakery,200,g,55,55,mrs bectors cream roll 200g pack,
bakery-britannia-toast-200g,Britannia Toast Cakes,Britannia,bakery,200,g,55,55,britannia toast cake 200g pack,
bakery-britannia-toastea-200g,Britannia Toastea,Britannia,bakery,200,g,50,50,britannia toastea elaichi 200g pack,
bakery-monginis-brownie-50g,Monginis Brownie,Monginis,bakery,50,g,25,25,monginis chocolate brownie 50g pack,
masala-mdh-garam-100g,MDH Deggi Mirch,MDH,masala_spices,100,g,98,98,mdh deggi mirch powder 100g box,bestseller
masala-mdh-deggi-mirch-100g,MDH Deggi Mirch Powder,MDH,masala_spices,100,g,98,98,mdh deggi mirch powder 100g box,
masala-mdh-garam-masala-100g,MDH Garam Masala,MDH,masala_spices,100,g,110,110,mdh garam masala powder 100g box,
masala-mdh-chana-masala-100g,MDH Chana Masala,MDH,masala_spices,100,g,85,85,mdh chana masala 100g box,
masala-mdh-chicken-masala-100g,MDH Chicken Masala,MDH,masala_spices,100,g,90,90,mdh chicken masala 100g box,
masala-mdh-meat-masala-100g,MDH Meat Masala,MDH,masala_spices,100,g,90,90,mdh meat masala 100g box,
masala-mdh-sabji-masala-100g,MDH Sabji Masala,MDH,masala_spices,100,g,90,90,mdh sabji masala 100g box,
masala-mdh-biryani-masala-100g,MDH Hyderabadi Biryani Masala,MDH,masala_spices,100,g,105,105,mdh hyderabadi biryani masala 100g box,
masala-mdh-shahi-paneer-100g,MDH Shahi Paneer Masala,MDH,masala_spices,100,g,90,90,mdh shahi paneer masala 100g box,
masala-mdh-tandoori-100g,MDH Tandoori Chicken Masala,MDH,masala_spices,100,g,90,90,mdh tandoori chicken masala 100g,
masala-mdh-kasuri-methi-25g,MDH Kasuri Methi,MDH,masala_spices,25,g,45,45,mdh kasuri methi 25g pack,
masala-mdh-pav-bhaji-100g,MDH Pav Bhaji Masala,MDH,masala_spices,100,g,100,100,mdh pav bhaji masala 100g box,
masala-mdh-chaat-100g,MDH Chunky Chat Masala,MDH,masala_spices,100,g,85,85,mdh chunky chat masala 100g box,
masala-mdh-rajma-100g,MDH Rajmah Masala,MDH,masala_spices,100,g,90,90,mdh rajmah masala 100g box,
masala-everest-garam-100g,Everest Garam Masala,Everest,masala_spices,100,g,105,105,everest garam masala powder 100g box,
masala-everest-tikhalal-100g,Everest Tikhalal Chilli,Everest,masala_spices,100,g,95,95,everest tikhalal chilli powder 100g box,
masala-everest-turmeric-100g,Everest Haldi Turmeric Powder,Everest,masala_spices,100,g,55,55,everest haldi turmeric powder 100g box,
masala-everest-coriander-100g,Everest Dhania Coriander Powder,Everest,masala_spices,100,g,50,50,everest dhania coriander powder 100g box,
masala-everest-cumin-100g,Everest Jeera Cumin Powder,Everest,masala_spices,100,g,90,90,everest jeera cumin powder 100g box,
masala-everest-pav-bhaji-100g,Everest Pav Bhaji Masala,Everest,masala_spices,100,g,100,100,everest pav bhaji masala 100g box,
masala-everest-chana-100g,Everest Chana Masala,Everest,masala_spices,100,g,90,90,everest chana masala 100g box,
masala-everest-chicken-100g,Everest Shahi Garam Masala,Everest,masala_spices,100,g,105,105,everest shahi garam masala 100g box,
masala-everest-kitchen-king-100g,Everest Kitchen King Masala,Everest,masala_spices,100,g,100,100,everest kitchen king masala 100g box,
masala-everest-biryani-100g,Everest Biryani Masala,Everest,masala_spices,100,g,105,105,everest royal biryani masala 100g box,
masala-everest-tea-50g,Everest Tea Masala,Everest,masala_spices,50,g,70,70,everest tea masala 50g box,
masala-everest-kasuri-methi-25g,Everest Kasuri Methi,Everest,masala_spices,25,g,45,45,everest kasuri methi 25g pack,
masala-catch-haldi-100g,Catch Turmeric Powder,Catch,masala_spices,100,g,55,55,catch turmeric haldi powder 100g jar,
masala-catch-mirch-100g,Catch Red Chilli Powder,Catch,masala_spices,100,g,90,90,catch red chilli powder 100g jar,
masala-catch-coriander-100g,Catch Coriander Powder,Catch,masala_spices,100,g,50,50,catch coriander powder 100g jar,
masala-catch-cumin-100g,Catch Cumin Powder,Catch,masala_spices,100,g,90,90,catch cumin powder 100g jar,
masala-catch-garam-100g,Catch Garam Masala,Catch,masala_spices,100,g,105,105,catch garam masala 100g jar,
masala-catch-pepper-50g,Catch Black Pepper Powder,Catch,masala_spices,50,g,95,95,catch black pepper powder 50g jar,
masala-catch-sambar-100g,Catch Sambar Masala,Catch,masala_spices,100,g,95,95,catch sambar masala 100g jar,
masala-catch-rasam-100g,Catch Rasam Powder,Catch,masala_spices,100,g,90,90,catch rasam powder 100g jar,
masala-tata-salt-1kg,Tata Salt Iodized,Tata,masala_spices,1,kg,28,28,tata salt iodised 1kg pack,bestseller
masala-tata-salt-lite-1kg,Tata Salt Lite,Tata,masala_spices,1,kg,38,38,tata salt lite 1kg pack,
masala-tata-rock-salt-1kg,Tata Rock Salt,Tata,masala_spices,1,kg,75,75,tata rock salt sendha namak 1kg pack,
masala-tata-black-salt-100g,Tata Black Salt,Tata,masala_spices,100,g,30,30,tata kala namak black salt 100g pack,
masala-tata-himalayan-pink-1kg,Tata Himalayan Pink Rock Salt,Tata,masala_spices,1,kg,90,90,tata himalayan pink rock salt 1kg,
masala-annapurna-salt-1kg,Annapurna Iodized Salt,Annapurna,masala_spices,1,kg,28,28,annapurna iodized salt 1kg pack,
masala-patanjali-haldi-200g,Patanjali Haldi Powder,Patanjali,masala_spices,200,g,80,80,patanjali haldi turmeric powder 200g pack,
masala-patanjali-mirch-200g,Patanjali Red Chilli Powder,Patanjali,masala_spices,200,g,145,145,patanjali red chilli powder 200g pack,
masala-patanjali-coriander-200g,Patanjali Dhania Powder,Patanjali,masala_spices,200,g,75,75,patanjali dhania coriander powder 200g,
masala-patanjali-garam-100g,Patanjali Garam Masala,Patanjali,masala_spices,100,g,100,100,patanjali garam masala powder 100g pack,
masala-vandevi-hing-50g,Vandevi Hing (Asafoetida),Vandevi,masala_spices,50,g,140,140,vandevi compounded hing 50g box,
masala-vandevi-hing-25g,Vandevi Hing (Asafoetida),Vandevi,masala_spices,25,g,75,75,vandevi compounded hing 25g box,
masala-tata-sampann-jeera-100g,Tata Sampann Jeera Whole,Tata Sampann,masala_spices,100,g,75,75,tata sampann jeera whole cumin 100g pack,
masala-tata-sampann-mustard-100g,Tata Sampann Mustard Seeds,Tata Sampann,masala_spices,100,g,45,45,tata sampann black mustard seeds 100g,
masala-tata-sampann-saunf-100g,Tata Sampann Saunf,Tata Sampann,masala_spices,100,g,55,55,tata sampann saunf fennel seeds 100g pack,
masala-tata-sampann-elaichi-25g,Tata Sampann Green Cardamom,Tata Sampann,masala_spices,25,g,180,180,tata sampann green cardamom 25g pack,
masala-tata-sampann-laung-25g,Tata Sampann Cloves,Tata Sampann,masala_spices,25,g,75,75,tata sampann laung cloves 25g pack,
masala-tata-sampann-dalchini-50g,Tata Sampann Cinnamon,Tata Sampann,masala_spices,50,g,90,90,tata sampann dalchini cinnamon 50g pack,
masala-tata-sampann-tej-patta-25g,Tata Sampann Bay Leaves,Tata Sampann,masala_spices,25,g,40,40,tata sampann tej patta bay leaves 25g pack,
masala-tata-sampann-kali-mirch-100g,Tata Sampann Black Pepper,Tata Sampann,masala_spices,100,g,165,165,tata sampann black pepper whole 100g pack,
masala-tata-sampann-methi-100g,Tata Sampann Methi Seeds,Tata Sampann,masala_spices,100,g,40,40,tata sampann methi fenugreek seeds 100g,
masala-tata-sampann-ajwain-100g,Tata Sampann Ajwain,Tata Sampann,masala_spices,100,g,85,85,tata sampann ajwain carom seeds 100g pack,
masala-tata-sampann-haldi-200g,Tata Sampann Turmeric,Tata Sampann,masala_spices,200,g,100,100,tata sampann turmeric haldi powder 200g,
masala-tata-sampann-mirch-200g,Tata Sampann Red Chilli,Tata Sampann,masala_spices,200,g,170,170,tata sampann red chilli powder 200g,
masala-tata-sampann-cumin-100g,Tata Sampann Jeera Powder,Tata Sampann,masala_spices,100,g,90,90,tata sampann jeera powder cumin 100g,
masala-tata-sampann-coriander-200g,Tata Sampann Coriander Powder,Tata Sampann,masala_spices,200,g,80,80,tata sampann coriander dhania powder 200g,
masala-tata-sampann-garam-100g,Tata Sampann Garam Masala,Tata Sampann,masala_spices,100,g,105,105,tata sampann garam masala 100g pack,
masala-tata-sampann-chana-100g,Tata Sampann Chana Masala,Tata Sampann,masala_spices,100,g,95,95,tata sampann chana masala 100g pack,
masala-tata-sampann-pav-bhaji-100g,Tata Sampann Pav Bhaji Masala,Tata Sampann,masala_spices,100,g,100,100,tata sampann pav bhaji masala 100g,
masala-tata-sampann-kitchen-king-100g,Tata Sampann Kitchen King,Tata Sampann,masala_spices,100,g,100,100,tata sampann kitchen king masala 100g,
masala-tata-sampann-biryani-100g,Tata Sampann Biryani Masala,Tata Sampann,masala_spices,100,g,105,105,tata sampann biryani masala 100g pack,
masala-tata-sampann-sambar-100g,Tata Sampann Sambar Masala,Tata Sampann,masala_spices,100,g,95,95,tata sampann sambar masala 100g pack,
masala-tata-sampann-chaat-100g,Tata Sampann Chaat Masala,Tata Sampann,masala_spices,100,g,90,90,tata sampann chaat masala 100g pack,
masala-tata-sampann-rajma-100g,Tata Sampann Rajma Masala,Tata Sampann,masala_spices,100,g,95,95,tata sampann rajma masala 100g pack,
masala-tata-sampann-meat-100g,Tata Sampann Meat Masala,Tata Sampann,masala_spices,100,g,95,95,tata sampann meat masala 100g pack,
masala-tata-sampann-chicken-100g,Tata Sampann Chicken Masala,Tata Sampann,masala_spices,100,g,95,95,tata sampann chicken masala 100g pack,
snacks-parle-g-original-800g,Parle-G Original Biscuits,Parle,snacks_biscuits,800,g,80,80,parle g original glucose biscuits 800g pack,bestseller
snacks-parle-g-original-250g,Parle-G Original Biscuits,Parle,snacks_biscuits,250,g,25,25,parle g original glucose biscuits 250g pack,
snacks-parle-g-original-100g,Parle-G Original Biscuits,Parle,snacks_biscuits,100,g,10,10,parle g original glucose biscuits 100g pack,
snacks-parle-g-gold-100g,Parle-G Gold Biscuits,Parle,snacks_biscuits,100,g,15,15,parle g gold premium biscuits 100g pack,
snacks-parle-marie-gold-250g,Parle Marie Gold Biscuits,Parle,snacks_biscuits,250,g,40,40,parle marie gold biscuits 250g pack,
snacks-parle-monaco-200g,Parle Monaco Salted Crackers,Parle,snacks_biscuits,200,g,40,40,parle monaco classic salted crackers 200g,
snacks-parle-monaco-jeera-200g,Parle Monaco Jeera Crackers,Parle,snacks_biscuits,200,g,45,45,parle monaco jeera crackers 200g pack,
snacks-parle-krackjack-200g,Parle Krackjack Original,Parle,snacks_biscuits,200,g,40,40,parle krackjack original biscuits 200g pack,
snacks-parle-hide-and-seek-200g,Parle Hide & Seek Chocolate Chip,Parle,snacks_biscuits,200,g,45,45,parle hide and seek chocolate chip biscuits 200g,
snacks-parle-hide-and-seek-fab-112g,Parle Hide & Seek Fab,Parle,snacks_biscuits,112,g,40,40,parle hide and seek fab chocolate cream 112g,
snacks-parle-20-20-cookies-200g,Parle 20-20 Cashew Cookies,Parle,snacks_biscuits,200,g,40,40,parle 20 20 cashew butter cookies 200g pack,
snacks-parle-20-20-nice-200g,Parle 20-20 Nice,Parle,snacks_biscuits,200,g,30,30,parle 20 20 nice biscuits 200g pack,
snacks-parle-magix-200g,Parle Magix Choco Sandwich,Parle,snacks_biscuits,200,g,45,45,parle magix choco sandwich biscuits 200g,
snacks-britannia-good-day-200g,Britannia Good Day Cashew,Britannia,snacks_biscuits,200,g,50,50,britannia good day cashew biscuits 200g,
snacks-britannia-good-day-butter-200g,Britannia Good Day Butter,Britannia,snacks_biscuits,200,g,40,40,britannia good day butter biscuits 200g,
snacks-britannia-good-day-pista-200g,Britannia Good Day Pista Badam,Britannia,snacks_biscuits,200,g,50,50,britannia good day pista badam 200g,
snacks-britannia-bourbon-150g,Britannia Bourbon Chocolate Cream,Britannia,snacks_biscuits,150,g,40,40,britannia bourbon chocolate cream biscuits 150g,
snacks-britannia-bourbon-300g,Britannia Bourbon Chocolate Cream,Britannia,snacks_biscuits,300,g,75,75,britannia bourbon chocolate cream biscuits 300g,
snacks-britannia-tiger-glucose-300g,Britannia Tiger Glucose Biscuits,Britannia,snacks_biscuits,300,g,30,30,britannia tiger glucose biscuits 300g pack,
snacks-britannia-tiger-krunch-100g,Britannia Tiger Krunch Cashew,Britannia,snacks_biscuits,100,g,25,25,britannia tiger krunch cashew biscuits 100g,
snacks-britannia-marie-gold-250g,Britannia Marie Gold,Britannia,snacks_biscuits,250,g,40,40,britannia marie gold biscuits 250g pack,
snacks-britannia-50-50-300g,Britannia 50-50 Maska Chaska,Britannia,snacks_biscuits,300,g,60,60,britannia 50 50 maska chaska biscuits 300g,
snacks-britannia-nutri-choice-200g,Britannia NutriChoice Hi-Fibre Digestive,Britannia,snacks_biscuits,200,g,75,75,britannia nutri choice hi fibre digestive 200g,
snacks-britannia-treat-200g,Britannia Treat Jim Jam,Britannia,snacks_biscuits,200,g,40,40,britannia treat jim jam biscuits 200g,
snacks-britannia-milk-bikis-200g,Britannia Milk Bikis,Britannia,snacks_biscuits,200,g,30,30,britannia milk bikis classic biscuits 200g,
snacks-britannia-rusk-300g,Britannia Rusk Premium Bake,Britannia,snacks_biscuits,300,g,75,75,britannia rusk premium bake elaichi 300g,
snacks-britannia-cake-200g,Britannia Cake Chocolate,Britannia,snacks_biscuits,200,g,50,50,britannia cake chocolate vanilla 200g pack,
snacks-sunfeast-dark-fantasy-100g,Sunfeast Dark Fantasy Choco Fills,Sunfeast,snacks_biscuits,100,g,40,40,sunfeast dark fantasy choco fills 100g,
snacks-sunfeast-bounce-100g,Sunfeast Bounce Cream Biscuits,Sunfeast,snacks_biscuits,100,g,25,25,sunfeast bounce cream biscuits 100g pack,
snacks-sunfeast-moms-magic-200g,Sunfeast Moms Magic Cashew Almond,Sunfeast,snacks_biscuits,200,g,45,45,sunfeast moms magic cashew almond cookies 200g,
snacks-sunfeast-marie-light-250g,Sunfeast Marie Light Original,Sunfeast,snacks_biscuits,250,g,40,40,sunfeast marie light original biscuits 250g,
snacks-sunfeast-glucose-300g,Sunfeast Glucose Biscuits,Sunfeast,snacks_biscuits,300,g,30,30,sunfeast glucose biscuits 300g pack,
snacks-cadbury-oreo-120g,Cadbury Oreo Original Vanilla,Cadbury,snacks_biscuits,120,g,35,35,cadbury oreo original vanilla biscuits 120g,
snacks-cadbury-oreo-strawberry-120g,Cadbury Oreo Strawberry,Cadbury,snacks_biscuits,120,g,35,35,cadbury oreo strawberry cream biscuits 120g,
snacks-mcvities-digestive-250g,McVities Digestive Original,McVities,snacks_biscuits,250,g,90,90,mcvities digestive original biscuits 250g pack,
snacks-cadbury-dairy-milk-50g,Cadbury Dairy Milk,Cadbury,snacks_biscuits,50,g,45,45,cadbury dairy milk chocolate 50g pack,bestseller
snacks-cadbury-dairy-milk-150g,Cadbury Dairy Milk,Cadbury,snacks_biscuits,150,g,135,135,cadbury dairy milk chocolate 150g pack,
snacks-cadbury-silk-150g,Cadbury Dairy Milk Silk,Cadbury,snacks_biscuits,150,g,180,180,cadbury dairy milk silk chocolate 150g pack,
snacks-cadbury-fruit-nut-150g,Cadbury Fruit & Nut,Cadbury,snacks_biscuits,150,g,180,180,cadbury fruit and nut chocolate 150g pack,
snacks-cadbury-5-star-22g,Cadbury 5 Star,Cadbury,snacks_biscuits,22,g,20,20,cadbury 5 star chocolate 22g pack,
snacks-cadbury-perk-23g,Cadbury Perk,Cadbury,snacks_biscuits,23,g,15,15,cadbury perk chocolate wafer 23g pack,
snacks-cadbury-bournville-80g,Cadbury Bournville Rich Cocoa,Cadbury,snacks_biscuits,80,g,150,150,cadbury bournville rich cocoa dark chocolate 80g,
snacks-cadbury-gems-15g,Cadbury Gems,Cadbury,snacks_biscuits,15,g,10,10,cadbury gems chocolate beans 15g pack,
snacks-nestle-kitkat-37g,Nestle KitKat 4 Fingers,Nestle,snacks_biscuits,37,g,40,40,nestle kitkat 4 fingers chocolate 37g pack,
snacks-nestle-munch-32g,Nestle Munch,Nestle,snacks_biscuits,32,g,20,20,nestle munch chocolate 32g pack,
snacks-nestle-eclairs-100g,Nestle Eclairs Choco,Nestle,snacks_biscuits,100,g,55,55,nestle eclairs choco caramel 100g pack,
snacks-ferrero-rocher-100g,Ferrero Rocher Chocolate,Ferrero Rocher,snacks_biscuits,100,g,350,350,ferrero rocher chocolate 8 piece 100g box,
snacks-lays-classic-salted-52g,Lays Classic Salted,Lays,snacks_biscuits,52,g,20,20,lays classic salted potato chips 52g pack,
snacks-lays-magic-masala-52g,Lays Indias Magic Masala,Lays,snacks_biscuits,52,g,20,20,lays indias magic masala chips 52g pack,bestseller
snacks-lays-cream-onion-52g,Lays American Style Cream & Onion,Lays,snacks_biscuits,52,g,20,20,lays american style cream onion chips 52g,
snacks-lays-spanish-52g,Lays Spanish Tomato Tango,Lays,snacks_biscuits,52,g,20,20,lays spanish tomato tango chips 52g pack,
snacks-bingo-mad-angles-66g,Bingo Mad Angles Masala Madness,Bingo,snacks_biscuits,66,g,20,20,bingo mad angles masala madness 66g pack,
snacks-bingo-tedhe-medhe-50g,Bingo Tedhe Medhe Masala,Bingo,snacks_biscuits,50,g,15,15,bingo tedhe medhe masala tadka 50g pack,
snacks-kurkure-masala-90g,Kurkure Masala Munch,Kurkure,snacks_biscuits,90,g,20,20,kurkure masala munch crunchy snack 90g pack,
snacks-kurkure-green-chutney-90g,Kurkure Green Chutney Style,Kurkure,snacks_biscuits,90,g,20,20,kurkure green chutney style snack 90g pack,
snacks-kurkure-chilli-chatka-90g,Kurkure Chilli Chatka,Kurkure,snacks_biscuits,90,g,20,20,kurkure chilli chatka 90g pack,
snacks-haldirams-aloo-bhujia-200g,Haldirams Aloo Bhujia,Haldirams,snacks_biscuits,200,g,80,80,haldirams aloo bhujia namkeen 200g pack,
snacks-haldirams-moong-dal-200g,Haldirams Moong Dal,Haldirams,snacks_biscuits,200,g,80,80,haldirams moong dal namkeen 200g pack,
snacks-haldirams-bhujia-200g,Haldirams Bhujia Sev,Haldirams,snacks_biscuits,200,g,80,80,haldirams bhujia sev namkeen 200g pack,
snacks-haldirams-navratan-200g,Haldirams Navratan Mix,Haldirams,snacks_biscuits,200,g,90,90,haldirams navratan mix namkeen 200g pack,
snacks-haldirams-mixture-200g,Haldirams Khatta Meetha,Haldirams,snacks_biscuits,200,g,80,80,haldirams khatta meetha mixture namkeen 200g,
snacks-haldirams-soan-papdi-500g,Haldirams Soan Papdi,Haldirams,snacks_biscuits,500,g,200,200,haldirams soan papdi 500g box,
snacks-haldirams-rasgulla-1kg,Haldirams Rasgulla Tin,Haldirams,snacks_biscuits,1,kg,225,225,haldirams rasgulla tin 1kg,
snacks-bikaji-bhujia-200g,Bikaji Bikaneri Bhujia,Bikaji,snacks_biscuits,200,g,75,75,bikaji bikaneri bhujia namkeen 200g pack,
snacks-bikaji-aloo-bhujia-200g,Bikaji Aloo Bhujia,Bikaji,snacks_biscuits,200,g,75,75,bikaji aloo bhujia namkeen 200g pack,
snacks-bikaji-bhujia-mix-200g,Bikaji Bhujia Mix,Bikaji,snacks_biscuits,200,g,75,75,bikaji bhujia mix namkeen 200g pack,
snacks-maggi-masala-70g,Maggi 2-Minute Masala Noodles,Maggi,snacks_biscuits,70,g,14,14,maggi 2 minute masala noodles 70g pack,bestseller
snacks-maggi-masala-280g,Maggi 2-Minute Masala Noodles Family Pack,Maggi,snacks_biscuits,280,g,56,56,maggi 2 minute masala noodles family pack 280g,
snacks-maggi-masala-560g,Maggi 2-Minute Masala Noodles 8-pack,Maggi,snacks_biscuits,560,g,112,112,maggi 2 minute masala noodles 8 pack 560g,
snacks-maggi-atta-noodles-75g,Maggi Atta Masala Noodles,Maggi,snacks_biscuits,75,g,15,15,maggi atta masala noodles 75g pack,
snacks-maggi-oats-72g,Maggi Nutri-licious Oats Masala,Maggi,snacks_biscuits,72,g,18,18,maggi nutri licious oats masala noodles 72g,
snacks-yippee-magic-65g,YiPPee Magic Masala Noodles,YiPPee,snacks_biscuits,65,g,14,14,yippee magic masala noodles 65g pack,
snacks-yippee-power-260g,YiPPee Power Up Atta Noodles,YiPPee,snacks_biscuits,260,g,55,55,yippee power up atta noodles 260g pack,
snacks-top-ramen-65g,Top Ramen Curry Masala,Top Ramen,snacks_biscuits,65,g,14,14,top ramen curry masala noodles 65g pack,
snacks-knorr-soup-43g,Knorr Classic Thick Tomato Soup,Knorr,snacks_biscuits,43,g,55,55,knorr classic thick tomato soup 43g pack,
snacks-knorr-sweet-corn-44g,Knorr Sweet Corn Veg Soup,Knorr,snacks_biscuits,44,g,55,55,knorr sweet corn veg soup 44g pack,
snacks-mtr-poha-80g,MTR Poha Breakfast Mix,MTR,snacks_biscuits,80,g,55,55,mtr ready to eat poha 80g pack,
snacks-mtr-upma-80g,MTR Rava Upma Breakfast Mix,MTR,snacks_biscuits,80,g,55,55,mtr ready to eat rava upma 80g pack,
snacks-uncle-chips-spicy-50g,Uncle Chips Spicy Treat,Uncle Chips,snacks_biscuits,50,g,15,15,uncle chips spicy treat 50g pack,
snacks-cheetos-balls-32g,Cheetos Mast Masala,Cheetos,snacks_biscuits,32,g,20,20,cheetos mast masala flamin hot 32g pack,
snacks-doritos-70g,Doritos Nacho Cheese,Doritos,snacks_biscuits,70,g,50,50,doritos nacho cheese tortilla chips 70g pack,
snacks-pringles-original-110g,Pringles Original,Pringles,snacks_biscuits,110,g,150,150,pringles original potato chips can 110g,
snacks-act-ii-popcorn-30g,Act II Instant Popcorn Butter,Act II,snacks_biscuits,30,g,15,15,act ii instant popcorn butter delight 30g,
snacks-act-ii-popcorn-classic-30g,Act II Classic Salted Popcorn,Act II,snacks_biscuits,30,g,15,15,act ii classic salted popcorn 30g pack,
snacks-mentos-rolls-37g,Mentos Mint Roll,Mentos,snacks_biscuits,37,g,15,15,mentos mint flavour candy roll 37g,
snacks-polo-rolls-13g,Polo The Mint With The Hole,Polo,snacks_biscuits,13,g,5,5,polo the mint with the hole 13g roll,
snacks-tic-tac-15g,Tic Tac Mint,Tic Tac,snacks_biscuits,15,g,30,30,tic tac mint flavour container 15g,
snacks-eclairs-eclairs-100g,Eclairs Original Toffee,Eclairs,snacks_biscuits,100,g,55,55,nestle eclairs original chocolate toffee 100g,
snacks-melody-toffees-100g,Melody Chocolaty Toffees,Melody,snacks_biscuits,100,g,40,40,parle melody chocolaty toffees 100g pack,
snacks-mango-bite-100g,Mango Bite Candy,Mango Bite,snacks_biscuits,100,g,40,40,mango bite parle candy 100g pack,
snacks-five-star-22g,Cadbury 5 Star Chocolate Bar,Cadbury,snacks_biscuits,22,g,20,20,cadbury 5 star chocolate bar 22g pack,
snacks-dairy-milk-shots-30g,Cadbury Dairy Milk Shots,Cadbury,snacks_biscuits,30,g,10,10,cadbury dairy milk shots 30g pack,
snacks-amul-dark-chocolate-150g,Amul Dark Chocolate 55%,Amul,snacks_biscuits,150,g,150,150,amul dark chocolate 55 percent 150g,
beverages-coca-cola-750ml,Coca-Cola,Coca-Cola,beverages,750,ml,40,40,coca cola soft drink 750ml bottle,
beverages-coca-cola-2l,Coca-Cola,Coca-Cola,beverages,2,litre,90,90,coca cola soft drink 2 litre bottle,
beverages-coca-cola-2.25l,Coca-Cola,Coca-Cola,beverages,2.25,litre,100,100,coca cola soft drink 2.25 litre bottle,
beverages-coca-cola-can-300ml,Coca-Cola Can,Coca-Cola,beverages,300,ml,40,40,coca cola can 300ml,
beverages-coca-cola-200ml,Coca-Cola RGB,Coca-Cola,beverages,200,ml,15,15,coca cola small returnable glass bottle 200ml,
beverages-pepsi-750ml,Pepsi,Pepsi,beverages,750,ml,40,40,pepsi soft drink 750ml bottle,
beverages-pepsi-2l,Pepsi,Pepsi,beverages,2,litre,90,90,pepsi soft drink 2 litre bottle,
beverages-pepsi-can-300ml,Pepsi Can,Pepsi,beverages,300,ml,40,40,pepsi can 300ml,
beverages-thums-up-750ml,Thums Up,Thums Up,beverages,750,ml,40,40,thums up cola soft drink 750ml bottle,
beverages-thums-up-2l,Thums Up,Thums Up,beverages,2,litre,90,90,thums up cola soft drink 2 litre bottle,
beverages-sprite-750ml,Sprite,Sprite,beverages,750,ml,40,40,sprite lemon lime soft drink 750ml bottle,
beverages-sprite-2l,Sprite,Sprite,beverages,2,litre,90,90,sprite lemon lime soft drink 2 litre bottle,
beverages-fanta-750ml,Fanta Orange,Fanta,beverages,750,ml,40,40,fanta orange soft drink 750ml bottle,
beverages-fanta-2l,Fanta Orange,Fanta,beverages,2,litre,90,90,fanta orange soft drink 2 litre bottle,
beverages-limca-750ml,Limca,Limca,beverages,750,ml,40,40,limca lemon lime soft drink 750ml bottle,
beverages-mountain-dew-750ml,Mountain Dew,Mountain Dew,beverages,750,ml,40,40,mountain dew citrus soft drink 750ml bottle,
beverages-mirinda-750ml,Mirinda Orange,Mirinda,beverages,750,ml,40,40,mirinda orange soft drink 750ml bottle,
beverages-7up-750ml,7UP Lemon,7UP,beverages,750,ml,40,40,7up lemon flavour soft drink 750ml bottle,
beverages-frooti-200ml,Frooti Mango Drink,Frooti,beverages,200,ml,15,15,frooti mango drink tetra pack 200ml,bestseller
beverages-frooti-1l,Frooti Mango Drink,Frooti,beverages,1,litre,75,75,frooti mango drink 1 litre tetra pack,
beverages-maaza-250ml,Maaza Mango Drink,Maaza,beverages,250,ml,20,20,maaza mango drink 250ml tetra pack,
beverages-maaza-600ml,Maaza Mango Drink,Maaza,beverages,600,ml,40,40,maaza mango drink 600ml bottle,
beverages-slice-250ml,Slice Mango Drink,Slice,beverages,250,ml,20,20,slice mango drink 250ml tetra pack,
beverages-slice-1.2l,Slice Mango Drink,Slice,beverages,1.2,litre,80,80,slice mango drink 1.2 litre pet bottle,
beverages-real-mixed-fruit-1l,Real Mixed Fruit Juice,Real,beverages,1,litre,140,140,real mixed fruit juice 1 litre tetra,
beverages-real-mango-1l,Real Activ Mango Juice,Real,beverages,1,litre,140,140,real activ mango juice 1 litre tetra,
beverages-real-orange-1l,Real Activ Orange Juice,Real,beverages,1,litre,140,140,real activ orange juice 1 litre tetra,
beverages-tropicana-orange-1l,Tropicana 100% Orange Juice,Tropicana,beverages,1,litre,160,160,tropicana 100 percent orange juice 1 litre,
beverages-tropicana-mango-1l,Tropicana Mango Delight,Tropicana,beverages,1,litre,140,140,tropicana mango delight 1 litre tetra,
beverages-bisleri-1l,Bisleri Mineral Water,Bisleri,beverages,1,litre,20,20,bisleri mineral water 1 litre bottle,
beverages-bisleri-500ml,Bisleri Mineral Water,Bisleri,beverages,500,ml,10,10,bisleri mineral water 500ml bottle,
beverages-bisleri-2l,Bisleri Mineral Water,Bisleri,beverages,2,litre,30,30,bisleri mineral water 2 litre bottle,
beverages-aquafina-1l,Aquafina Drinking Water,Aquafina,beverages,1,litre,20,20,aquafina drinking water 1 litre bottle,
beverages-kinley-1l,Kinley Drinking Water,Kinley,beverages,1,litre,20,20,kinley drinking water 1 litre bottle,
beverages-tata-tea-premium-250g,Tata Tea Premium,Tata Tea,beverages,250,g,150,150,tata tea premium 250g pack,bestseller
beverages-tata-tea-premium-500g,Tata Tea Premium,Tata Tea,beverages,500,g,290,290,tata tea premium 500g pack,
beverages-tata-tea-premium-1kg,Tata Tea Premium,Tata Tea,beverages,1,kg,565,565,tata tea premium 1kg pack,
beverages-tata-tea-gold-250g,Tata Tea Gold,Tata Tea,beverages,250,g,180,180,tata tea gold 250g pack,
beverages-tata-tea-gold-500g,Tata Tea Gold,Tata Tea,beverages,500,g,360,360,tata tea gold 500g pack,
beverages-red-label-250g,Brooke Bond Red Label,Brooke Bond,beverages,250,g,160,160,brooke bond red label tea 250g pack,
beverages-red-label-500g,Brooke Bond Red Label,Brooke Bond,beverages,500,g,310,310,brooke bond red label tea 500g pack,
beverages-red-label-1kg,Brooke Bond Red Label,Brooke Bond,beverages,1,kg,610,610,brooke bond red label tea 1kg pack,
beverages-taj-mahal-250g,Brooke Bond Taj Mahal,Brooke Bond,beverages,250,g,180,180,brooke bond taj mahal tea 250g pack,
beverages-3roses-250g,Brooke Bond 3 Roses,Brooke Bond,beverages,250,g,150,150,brooke bond 3 roses tea 250g pack,
beverages-society-tea-250g,Society Tea,Society,beverages,250,g,140,140,society tea premium 250g pack,
beverages-society-tea-500g,Society Tea,Society,beverages,500,g,270,270,society tea premium 500g pack,
beverages-girnar-detox-100g,Girnar Detox Green Tea,Girnar,beverages,100,g,200,200,girnar detox green tea desi kahwa 100g,
beverages-tetley-green-tea-25,Tetley Green Tea,Tetley,beverages,25,piece,135,135,tetley green tea long leaf 25 tea bags,
beverages-bru-instant-coffee-100g,Bru Instant Coffee,Bru,beverages,100,g,265,265,bru instant coffee jar 100g,
beverages-bru-gold-100g,Bru Gold Instant Coffee,Bru,beverages,100,g,355,355,bru gold pure instant coffee 100g jar,
beverages-nescafe-classic-100g,Nescafe Classic Instant Coffee,Nescafe,beverages,100,g,355,355,nescafe classic instant coffee 100g jar,
beverages-nescafe-sunrise-100g,Nescafe Sunrise Coffee,Nescafe,beverages,100,g,200,200,nescafe sunrise coffee chicory mix 100g,
beverages-boost-500g,Boost Health Drink,Boost,beverages,500,g,255,255,boost health energy drink 500g jar,
beverages-bournvita-500g,Cadbury Bournvita,Bournvita,beverages,500,g,255,255,cadbury bournvita health drink 500g pack,
beverages-bournvita-750g,Cadbury Bournvita,Bournvita,beverages,750,g,380,380,cadbury bournvita health drink 750g pack,
beverages-horlicks-500g,Horlicks Classic Malt,Horlicks,beverages,500,g,295,295,horlicks classic malt nutrition drink 500g,
beverages-horlicks-1kg,Horlicks Classic Malt,Horlicks,beverages,1,kg,560,560,horlicks classic malt nutrition drink 1kg jar,
beverages-complan-500g,Complan Royale Chocolate,Complan,beverages,500,g,290,290,complan royale chocolate health drink 500g,
beverages-roohafza-750ml,Rooh Afza Sharbat,Rooh Afza,beverages,750,ml,180,180,rooh afza sharbat hamdard 750ml bottle,
beverages-rasna-750g,Rasna Instant Drink Mango,Rasna,beverages,750,g,225,225,rasna instant drink mix mango 750g pack,
beverages-tang-orange-500g,Tang Orange,Tang,beverages,500,g,180,180,tang orange instant drink mix 500g pack,
personal-dove-soap-100g,Dove Cream Beauty Bathing Bar,Dove,personal_care,100,g,75,75,dove cream beauty bathing bar 100g pack,bestseller
personal-dove-shampoo-340ml,Dove Intense Repair Shampoo,Dove,personal_care,340,ml,295,295,dove intense repair shampoo 340ml bottle,
personal-dove-conditioner-180ml,Dove Intense Repair Conditioner,Dove,personal_care,180,ml,205,205,dove intense repair conditioner 180ml bottle,
personal-lux-soap-100g,Lux Soft Touch Bathing Bar,Lux,personal_care,100,g,38,38,lux soft touch bathing bar 100g pack,
personal-lux-soap-150g,Lux Soft Touch Bathing Bar,Lux,personal_care,150,g,55,55,lux soft touch bathing bar 150g pack,
personal-lifebuoy-soap-125g,Lifebuoy Total 10 Soap,Lifebuoy,personal_care,125,g,32,32,lifebuoy total 10 soap bar 125g pack,
personal-dettol-soap-125g,Dettol Original Soap,Dettol,personal_care,125,g,55,55,dettol original soap bar 125g pack,
personal-dettol-handwash-200ml,Dettol Original Handwash,Dettol,personal_care,200,ml,99,99,dettol original liquid handwash 200ml pump,
personal-dettol-handwash-refill-185ml,Dettol Handwash Refill,Dettol,personal_care,185,ml,55,55,dettol handwash refill pouch 185ml,
personal-savlon-handwash-200ml,Savlon Original Handwash,Savlon,personal_care,200,ml,99,99,savlon original liquid handwash 200ml pump,
personal-pears-soap-125g,Pears Pure & Gentle Soap,Pears,personal_care,125,g,80,80,pears pure and gentle soap 125g pack,
personal-cinthol-soap-100g,Cinthol Original Soap,Cinthol,personal_care,100,g,42,42,cinthol original soap bar 100g pack,
personal-godrej-no1-soap-100g,Godrej No 1 Sandal Rose,Godrej,personal_care,100,g,28,28,godrej no 1 sandal rose soap 100g,
personal-hamam-soap-100g,Hamam Neem Tulsi Soap,Hamam,personal_care,100,g,35,35,hamam neem tulsi aloe vera soap 100g,
personal-medimix-soap-125g,Medimix Ayurvedic Soap,Medimix,personal_care,125,g,40,40,medimix classic ayurvedic soap 125g pack,
personal-pantene-shampoo-340ml,Pantene Pro-V Hair Fall Control,Pantene,personal_care,340,ml,295,295,pantene pro v hair fall control shampoo 340ml,
personal-head-shoulders-340ml,Head & Shoulders Anti-Dandruff Shampoo,Head & Shoulders,personal_care,340,ml,295,295,head and shoulders anti dandruff shampoo 340ml,
personal-clinic-plus-355ml,Clinic Plus Strong & Long Shampoo,Clinic Plus,personal_care,355,ml,160,160,clinic plus strong and long shampoo 355ml,
personal-sunsilk-340ml,Sunsilk Black Shine Shampoo,Sunsilk,personal_care,340,ml,210,210,sunsilk black shine shampoo 340ml bottle,
personal-tresemme-340ml,Tresemme Keratin Smooth,Tresemme,personal_care,340,ml,395,395,tresemme keratin smooth shampoo 340ml,
personal-loreal-paris-340ml,Loreal Paris Total Repair 5 Shampoo,Loreal,personal_care,340,ml,395,395,loreal paris total repair 5 shampoo 340ml,
personal-parachute-coconut-200ml,Parachute Coconut Oil,Parachute,personal_care,200,ml,140,140,parachute pure coconut hair oil 200ml bottle,
personal-parachute-coconut-500ml,Parachute Coconut Oil,Parachute,personal_care,500,ml,300,300,parachute pure coconut hair oil 500ml bottle,
personal-parachute-jasmine-90ml,Parachute Advansed Jasmine,Parachute,personal_care,90,ml,55,55,parachute advansed jasmine hair oil 90ml,
personal-bajaj-almond-200ml,Bajaj Almond Drops Hair Oil,Bajaj,personal_care,200,ml,225,225,bajaj almond drops hair oil 200ml bottle,
personal-dabur-amla-300ml,Dabur Amla Hair Oil,Dabur,personal_care,300,ml,235,235,dabur amla hair oil 300ml bottle,
personal-himani-navratna-200ml,Himani Navratna Cool Oil,Himani,personal_care,200,ml,180,180,himani navratna cool ayurvedic oil 200ml,
personal-colgate-strong-150g,Colgate Strong Teeth Toothpaste,Colgate,personal_care,150,g,98,98,colgate strong teeth anti cavity toothpaste 150g,
personal-colgate-total-150g,Colgate Total Advanced Health,Colgate,personal_care,150,g,135,135,colgate total advanced health toothpaste 150g,
personal-colgate-max-fresh-150g,Colgate MaxFresh Spicy Fresh,Colgate,personal_care,150,g,125,125,colgate maxfresh spicy fresh toothpaste 150g,
personal-pepsodent-150g,Pepsodent Germicheck Toothpaste,Pepsodent,personal_care,150,g,98,98,pepsodent germicheck toothpaste 150g pack,
personal-close-up-150g,Close Up Red Hot Toothpaste,Close Up,personal_care,150,g,105,105,close up red hot toothpaste 150g pack,
personal-sensodyne-100g,Sensodyne Sensitivity Toothpaste,Sensodyne,personal_care,100,g,150,150,sensodyne sensitivity toothpaste 100g pack,
personal-patanjali-dant-100g,Patanjali Dant Kanti,Patanjali,personal_care,100,g,60,60,patanjali dant kanti dental cream 100g,
personal-himalaya-complete-150g,Himalaya Complete Care Toothpaste,Himalaya,personal_care,150,g,125,125,himalaya complete care toothpaste 150g pack,
personal-colgate-toothbrush-1,Colgate ZigZag Toothbrush,Colgate,personal_care,1,piece,40,40,colgate zigzag toothbrush medium pack of 1,
personal-oral-b-toothbrush-1,Oral-B All Rounder Toothbrush,Oral-B,personal_care,1,piece,40,40,oral b all rounder toothbrush medium 1 pack,
personal-fair-lovely-50g,Glow & Lovely Advanced Cream,Glow & Lovely,personal_care,50,g,90,90,glow and lovely advanced multi vitamin cream 50g,
personal-ponds-talc-300g,Ponds Magic Talc,Ponds,personal_care,300,g,175,175,ponds magic talc dreamflower 300g pack,
personal-boroline-40g,Boroline Antiseptic Cream,Boroline,personal_care,40,g,90,90,boroline antiseptic ayurvedic cream 40g tube,
personal-vaseline-petroleum-85g,Vaseline Petroleum Jelly Original,Vaseline,personal_care,85,g,160,160,vaseline original petroleum jelly 85g jar,
personal-vicco-turmeric-30g,Vicco Turmeric Skin Cream,Vicco,personal_care,30,g,55,55,vicco turmeric ayurvedic skin cream 30g tube,
personal-nivea-cold-cream-50ml,Nivea Soft Light Moisturiser,Nivea,personal_care,50,ml,135,135,nivea soft light moisturiser cream 50ml jar,
personal-himalaya-facewash-100ml,Himalaya Purifying Neem Facewash,Himalaya,personal_care,100,ml,140,140,himalaya purifying neem face wash 100ml tube,
personal-garnier-men-facewash-100g,Garnier Men Acno Fight Facewash,Garnier,personal_care,100,g,165,165,garnier men acno fight face wash 100g tube,
personal-dove-deo-150ml,Dove Original Roll On,Dove,personal_care,150,ml,225,225,dove original antiperspirant roll on 50ml,
personal-axe-deo-150ml,Axe Dark Temptation Deodorant,Axe,personal_care,150,ml,235,235,axe dark temptation deodorant body spray 150ml,
personal-fogg-150ml,Fogg Scent Xtremo Body Spray,Fogg,personal_care,150,ml,250,250,fogg scent xtremo body spray 150ml,
personal-park-avenue-150ml,Park Avenue Good Morning,Park Avenue,personal_care,150,ml,230,230,park avenue good morning deodorant 150ml,
personal-stayfree-secure-20,Stayfree Secure XL Cotton,Stayfree,personal_care,20,piece,155,155,stayfree secure cotton xl 20 pads,
personal-whisper-ultra-30,Whisper Ultra Clean XL+ Wings,Whisper,personal_care,30,piece,295,295,whisper ultra clean xl plus wings 30 pads,
household-surf-excel-1kg,Surf Excel Easy Wash Detergent Powder,Surf Excel,household,1,kg,210,210,surf excel easy wash detergent powder 1kg pack,bestseller
household-surf-excel-2kg,Surf Excel Easy Wash Detergent Powder,Surf Excel,household,2,kg,400,400,surf excel easy wash detergent powder 2kg pack,
household-surf-excel-liquid-1l,Surf Excel Matic Liquid,Surf Excel,household,1,litre,425,425,surf excel matic liquid front load 1 litre,
household-tide-detergent-1kg,Tide Plus Detergent Powder,Tide,household,1,kg,180,180,tide plus extra power detergent 1kg pack,
household-tide-detergent-2kg,Tide Plus Detergent Powder,Tide,household,2,kg,345,345,tide plus extra power detergent 2kg pack,
household-ariel-1kg,Ariel Matic Top Load,Ariel,household,1,kg,265,265,ariel matic top load detergent powder 1kg,
household-ariel-2kg,Ariel Matic Top Load,Ariel,household,2,kg,520,520,ariel matic top load detergent powder 2kg,
household-rin-1kg,Rin Refresh Detergent Powder,Rin,household,1,kg,90,90,rin refresh detergent powder 1kg pack,
household-rin-bar-250g,Rin Bar,Rin,household,250,g,15,15,rin detergent bar 250g pack,
household-wheel-1kg,Wheel Active 2 in 1 Detergent,Wheel,household,1,kg,80,80,wheel active 2 in 1 detergent powder 1kg,
household-ghadi-1kg,Ghadi Detergent Powder,Ghadi,household,1,kg,110,110,ghadi detergent powder 1kg pack,
household-vim-bar-200g,Vim Dishwash Bar,Vim,household,200,g,18,18,vim dishwash bar 200g pack,
household-vim-bar-large-500g,Vim Dishwash Bar Large,Vim,household,500,g,40,40,vim dishwash bar 500g pack,
household-vim-liquid-500ml,Vim Drop Dishwash Liquid,Vim,household,500,ml,130,130,vim drop lemon dishwash liquid 500ml refill,
household-vim-liquid-1l,Vim Drop Dishwash Liquid,Vim,household,1,litre,250,250,vim drop lemon dishwash liquid 1 litre bottle,
household-pril-liquid-500ml,Pril Liquid Dishwash,Pril,household,500,ml,130,130,pril liquid dishwash 500ml refill pouch,
household-exo-bar-200g,Exo Dishwash Bar,Exo,household,200,g,18,18,exo round dishwash bar 200g pack,
household-harpic-1l,Harpic Power Plus Toilet Cleaner,Harpic,household,1,litre,180,180,harpic power plus original toilet cleaner 1 litre,
household-harpic-500ml,Harpic Power Plus Toilet Cleaner,Harpic,household,500,ml,99,99,harpic power plus toilet cleaner 500ml,
household-domex-1l,Domex Disinfectant Toilet Cleaner,Domex,household,1,litre,170,170,domex original disinfectant toilet cleaner 1 litre,
household-lizol-975ml,Lizol Floor Cleaner,Lizol,household,975,ml,235,235,lizol all in one disinfectant floor cleaner 975ml,
household-lizol-500ml,Lizol Floor Cleaner,Lizol,household,500,ml,140,140,lizol disinfectant floor cleaner 500ml,
household-colin-glass-500ml,Colin Glass Cleaner,Colin,household,500,ml,135,135,colin glass and household cleaner 500ml spray,
household-odonil-50g,Odonil Air Freshener Block,Odonil,household,50,g,65,65,odonil rose air freshener block 50g pack,
household-odonil-spray-100ml,Odonil Room Spray,Odonil,household,100,ml,99,99,odonil room air freshener spray 100ml,
household-good-knight-refill,Good Knight Activ+ Refill,Good Knight,household,45,ml,75,75,good knight activ plus liquid refill 45ml,
household-good-knight-machine,Good Knight Power Chip Machine,Good Knight,household,1,piece,150,150,good knight power chip machine combo,
household-all-out-refill-45ml,All Out Liquid Refill,All Out,household,45,ml,75,75,all out ultra power plus liquid refill 45ml,
household-mortein-spray-425ml,Mortein All Insect Killer Spray,Mortein,household,425,ml,260,260,mortein power booster all insect killer spray 425ml,
household-hit-spray-400ml,HIT Cockroach Killer Spray,HIT,household,400,ml,235,235,hit cockroach killer spray 400ml can,
household-baygon-300ml,Baygon Cockroach Killer,Baygon,household,300,ml,180,180,baygon cockroach killer spray 300ml,
household-cinthol-sanitizer-100ml,Cinthol Hand Sanitizer,Cinthol,household,100,ml,60,60,cinthol original hand sanitizer 100ml bottle,
household-dettol-sanitizer-200ml,Dettol Original Hand Sanitizer,Dettol,household,200,ml,99,99,dettol original liquid hand sanitizer 200ml,
household-savlon-sanitizer-200ml,Savlon Hand Sanitizer,Savlon,household,200,ml,99,99,savlon original hand sanitizer 200ml bottle,
household-camphor-cubes-20g,Camphor Tablets,Mangaldeep,household,20,g,30,30,mangaldeep camphor tablets pack 20g,
household-incense-mangaldeep-100,Mangaldeep Agarbatti,Mangaldeep,household,100,piece,40,40,mangaldeep 3 in 1 agarbatti 100 sticks,
household-aluminium-foil-9m,Aluminium Foil Roll,Generic,household,9,piece,180,180,aluminium foil roll 9 metre kitchen,
household-cling-wrap-30m,Cling Wrap,Generic,household,30,piece,170,170,cling food wrap 30 metre roll,
household-tissue-paper-2ply,Tissue Paper Box,Generic,household,150,piece,90,90,tissue paper box 150 pulls 2 ply,
household-garbage-bag-19x21-30,Garbage Bag Medium,Generic,household,30,piece,120,120,garbage trash bag 19 x 21 inch 30 piece pack,
household-garbage-bag-24x32-30,Garbage Bag Large,Generic,household,30,piece,180,180,garbage trash bag 24 x 32 inch 30 piece pack,
household-broom-soft-1,Soft Broom Phool Jhadu,Generic,household,1,piece,150,150,soft broom phool jhadu cleaning,
household-broom-hard-1,Hard Broom Coconut,Generic,household,1,piece,80,80,hard broom coconut indian style outdoor,
household-mop-stick-1,Cleaning Mop Stick,Generic,household,1,piece,250,250,floor cleaning mop with stick rotation,
household-bucket-15l,Plastic Bucket,Milton,household,15,litre,250,250,milton plastic bucket 15 litre with handle,
household-mug-1.5l,Plastic Mug,Milton,household,1.5,litre,80,80,milton plastic water mug 1.5 litre,
household-matches-10,Wax Matches Box,Cheetah,household,10,piece,15,15,cheetah safety matches box pack of 10,
household-candle-1,White Candle,Generic,household,1,piece,10,10,white pillar candle medium size,
household-toilet-paper-roll-1,Toilet Paper Roll,Generic,household,1,piece,40,40,toilet tissue paper roll soft 2 ply,
household-toilet-paper-pack-4,Toilet Paper 4 Roll Pack,Generic,household,4,piece,150,150,toilet tissue paper 4 roll pack 2 ply,
household-mosquito-coil-10,Good Knight Mosquito Coil,Good Knight,household,10,piece,30,30,good knight gold flash mosquito coil 10 piece,
household-naphthalene-balls-100g,Naphthalene Balls,Generic,household,100,g,60,60,naphthalene balls white pack 100g,
fruits-onion-1kg,Onion,Generic,fruits_vegetables,1,kg,35,35,fresh red onion 1kg,bestseller
fruits-onion-2kg,Onion,Generic,fruits_vegetables,2,kg,65,65,fresh red onion 2kg pack,
fruits-potato-1kg,Potato,Generic,fruits_vegetables,1,kg,28,28,fresh potato aloo 1kg,
fruits-potato-2kg,Potato,Generic,fruits_vegetables,2,kg,55,55,fresh potato aloo 2kg pack,
fruits-tomato-1kg,Tomato,Generic,fruits_vegetables,1,kg,40,40,fresh tomato 1kg,
fruits-tomato-500g,Tomato,Generic,fruits_vegetables,500,g,22,22,fresh tomato 500g pack,
fruits-garlic-250g,Garlic,Generic,fruits_vegetables,250,g,55,55,fresh garlic lehsun 250g pack,
fruits-ginger-250g,Ginger,Generic,fruits_vegetables,250,g,40,40,fresh ginger adrak 250g pack,
fruits-lemon-250g,Lemon,Generic,fruits_vegetables,250,g,30,30,fresh lemon nimbu 250g pack,
fruits-green-chilli-100g,Green Chilli,Generic,fruits_vegetables,100,g,15,15,fresh green chilli hari mirch 100g,
fruits-coriander-100g,Coriander Leaves,Generic,fruits_vegetables,100,g,20,20,fresh coriander leaves dhania 100g bunch,
fruits-mint-100g,Mint Leaves,Generic,fruits_vegetables,100,g,20,20,fresh mint leaves pudina 100g bunch,
fruits-curry-leaves-50g,Curry Leaves,Generic,fruits_vegetables,50,g,15,15,fresh curry leaves kadi patta 50g,
fruits-spinach-500g,Spinach,Generic,fruits_vegetables,500,g,30,30,fresh spinach palak 500g bunch,
fruits-cabbage-1kg,Cabbage,Generic,fruits_vegetables,1,kg,30,30,fresh cabbage patta gobhi 1kg,
fruits-cauliflower-1kg,Cauliflower,Generic,fruits_vegetables,1,kg,40,40,fresh cauliflower phool gobhi 1kg,
fruits-capsicum-500g,Capsicum,Generic,fruits_vegetables,500,g,40,40,fresh green capsicum shimla mirch 500g,
fruits-carrot-500g,Carrot,Generic,fruits_vegetables,500,g,30,30,fresh carrot gajar 500g pack,
fruits-cucumber-500g,Cucumber,Generic,fruits_vegetables,500,g,25,25,fresh cucumber kheera 500g pack,
fruits-brinjal-500g,Brinjal,Generic,fruits_vegetables,500,g,30,30,fresh brinjal baingan 500g pack,
fruits-lady-finger-500g,Lady Finger,Generic,fruits_vegetables,500,g,40,40,fresh lady finger bhindi 500g pack,
fruits-bottle-gourd-1,Bottle Gourd,Generic,fruits_vegetables,1,piece,40,40,fresh bottle gourd lauki piece,
fruits-apple-1kg,Apple,Generic,fruits_vegetables,1,kg,150,150,fresh apple shimla 1kg pack,
fruits-banana-1dozen,Banana,Generic,fruits_vegetables,12,piece,60,60,fresh banana kela dozen 12 piece,
fruits-orange-1kg,Orange,Generic,fruits_vegetables,1,kg,80,80,fresh orange santra 1kg,
